"SNP","effect_allele.exposure","other_allele.exposure","eaf.exposure","beta.exposure","se.exposure","pval.exposure","id.exposure","exposure"
"rs10909862","A","G",NA,0.0471736,0.00881854,8.79994585505891e-08,"ebi-a-GCST005195","CAD"
"rs2493298","A","C",NA,0.048573,0.0101551,1.70000422215637e-06,"ebi-a-GCST005195","CAD"
"rs4970483","G","C",NA,-0.0364841,0.00784312,3.29997006285229e-06,"ebi-a-GCST005195","CAD"
"rs11591147","T","G",NA,-0.236991,0.0269669,1.50003019045595e-18,"ebi-a-GCST005195","CAD"
"rs17114046","G","A",NA,-0.0965988,0.011807,2.80027059501064e-16,"ebi-a-GCST005195","CAD"
"rs12740374","T","G",NA,-0.103964,0.00832224,8.19973845457479e-36,"ebi-a-GCST005195","CAD"
"rs12144309","T","C",NA,-0.0428259,0.00888354,1.40000633223953e-06,"ebi-a-GCST005195","CAD"
"rs67807996","A","G",NA,0.0380783,0.00743031,2.99999133271615e-07,"ebi-a-GCST005195","CAD"
"rs12753816","T","C",NA,-0.0399467,0.00739788,6.69992590760657e-08,"ebi-a-GCST005195","CAD"
"rs17465982","A","G",NA,0.0661231,0.00767948,7.29961575729296e-18,"ebi-a-GCST005195","CAD"
"rs6668851","A","C",NA,-0.0392841,0.00814163,1.40000633223953e-06,"ebi-a-GCST005195","CAD"
"rs16986953","A","G",NA,0.0811619,0.0134115,1.40000633223953e-09,"ebi-a-GCST005195","CAD"
"rs515135","C","T",NA,0.0444815,0.00894164,6.49994976198143e-07,"ebi-a-GCST005195","CAD"
"rs4299376","T","G",NA,-0.0453634,0.00750664,1.49999565138204e-09,"ebi-a-GCST005195","CAD"
"rs582384","A","C",NA,0.0334565,0.00702433,1.89998424621473e-06,"ebi-a-GCST005195","CAD"
"rs72822411","A","G",NA,0.0394503,0.00799002,7.90005291083222e-07,"ebi-a-GCST005195","CAD"
"rs79976103","T","A",NA,-0.0578785,0.0110327,1.60000006389793e-07,"ebi-a-GCST005195","CAD"
"rs2166529","T","G",NA,0.0563709,0.00703554,1.10001852750622e-15,"ebi-a-GCST005195","CAD"
"rs6736093","G","A",NA,0.0363828,0.00766204,2.0000000199681e-06,"ebi-a-GCST005195","CAD"
"rs77913838","G","A",NA,-0.0882073,0.0188238,2.80001269243453e-06,"ebi-a-GCST005195","CAD"
"rs7604735","T","G",NA,0.0411756,0.00761785,6.49994976198143e-08,"ebi-a-GCST005195","CAD"
"rs12999907","G","A",NA,-0.0490246,0.0090816,6.69992590760657e-08,"ebi-a-GCST005195","CAD"
"rs72934535","C","T",NA,0.100422,0.011558,3.6999853117286e-18,"ebi-a-GCST005195","CAD"
"rs1250259","A","T",NA,-0.0472229,0.00795248,2.90001336905407e-09,"ebi-a-GCST005195","CAD"
"rs72967789","G","A",NA,-0.078629,0.0165465,2.0000000199681e-06,"ebi-a-GCST005195","CAD"
"rs1077534","G","A",NA,0.053575,0.0106656,5.09999793204995e-07,"ebi-a-GCST005195","CAD"
"rs148880716","A","G",NA,0.565642,0.106343,1e-07,"ebi-a-GCST005195","CAD"
"rs112043140","T","C",NA,0.0464319,0.00836611,2.90001336905407e-08,"ebi-a-GCST005195","CAD"
"rs77347777","T","C",NA,-0.0608129,0.0110457,3.6999853117286e-08,"ebi-a-GCST005195","CAD"
"rs147549004","A","G",NA,0.158551,0.034286,3.79996853036855e-06,"ebi-a-GCST005195","CAD"
"rs4678145","C","G",NA,0.0638718,0.0103562,6.90001444623354e-10,"ebi-a-GCST005195","CAD"
"rs10490862","G","A",NA,-0.0509669,0.0106776,1.79998961724559e-06,"ebi-a-GCST005195","CAD"
"rs655720","T","C",NA,0.0539449,0.00772427,2.90001336905407e-12,"ebi-a-GCST005195","CAD"
"rs2293251","G","T",NA,0.061081,0.00972645,3.40000847825859e-10,"ebi-a-GCST005195","CAD"
"rs701145","C","T",NA,0.0656202,0.00982325,2.39993787680988e-11,"ebi-a-GCST005195","CAD"
"rs4368453","T","C",NA,0.0360033,0.00761573,2.3000114603619e-06,"ebi-a-GCST005195","CAD"
"rs4894803","G","A",NA,0.0332331,0.00718329,3.6999853117286e-06,"ebi-a-GCST005195","CAD"
"rs4687318","A","G",NA,0.0359093,0.00763729,2.59997995670925e-06,"ebi-a-GCST005195","CAD"
"rs873785","C","T",NA,-0.0365543,0.00717286,3.50001576071014e-07,"ebi-a-GCST005195","CAD"
"rs6817377","G","A",NA,0.0597641,0.0113453,1.40000633223953e-07,"ebi-a-GCST005195","CAD"
"rs4493564","G","A",NA,-0.0377662,0.00726054,2.0000000199681e-07,"ebi-a-GCST005195","CAD"
"rs10857147","T","A",NA,0.0463068,0.00775189,2.3000114603619e-09,"ebi-a-GCST005195","CAD"
"rs1434538","T","C",NA,-0.0377435,0.00700968,7.299951924762e-08,"ebi-a-GCST005195","CAD"
"rs36121800","C","T",NA,0.137719,0.0273112,4.60002296665068e-07,"ebi-a-GCST005195","CAD"
"rs7678555","C","A",NA,0.0456648,0.00774516,3.69998531172859e-09,"ebi-a-GCST005195","CAD"
"rs17612693","A","T",NA,0.0808415,0.00989856,3.19963176731835e-16,"ebi-a-GCST005195","CAD"
"rs2880099","C","A",NA,-0.0525871,0.0111656,2.49999995007974e-06,"ebi-a-GCST005195","CAD"
"rs3796581","G","A",NA,-0.0686675,0.00901791,2.60015956316527e-14,"ebi-a-GCST005195","CAD"
"rs17263917","A","G",NA,-0.0617289,0.00981879,3.20000015974484e-10,"ebi-a-GCST005195","CAD"
"rs2454899","A","G",NA,-0.0389064,0.00727173,8.79994585505891e-08,"ebi-a-GCST005195","CAD"
"rs76388212","C","T",NA,0.132134,0.027113,1.09999319893519e-06,"ebi-a-GCST005195","CAD"
"rs4836390","C","T",NA,0.044331,0.00956762,3.59997927043357e-06,"ebi-a-GCST005195","CAD"
"rs152445","A","T",NA,0.0449478,0.0085424,1.40000633223953e-07,"ebi-a-GCST005195","CAD"
"rs246600","T","C",NA,0.0436477,0.00697937,4.00000007987242e-10,"ebi-a-GCST005195","CAD"
"rs9349379","G","A",NA,0.0932439,0.00714879,6.89922009844046e-39,"ebi-a-GCST005195","CAD"
"rs7746081","A","G",NA,-0.0369182,0.00754483,9.9001095426017e-07,"ebi-a-GCST005195","CAD"
"rs1853345","C","T",NA,-0.0446208,0.00870612,2.99999133271615e-07,"ebi-a-GCST005195","CAD"
"rs685031","A","G",NA,0.0455576,0.00722986,2.99999133271614e-10,"ebi-a-GCST005195","CAD"
"rs2814944","A","G",NA,0.0503098,0.00971561,2.19998641983516e-07,"ebi-a-GCST005195","CAD"
"rs10456100","T","C",NA,0.0396126,0.00777461,3.50001576071014e-07,"ebi-a-GCST005195","CAD"
"rs6905288","A","G",NA,0.0412788,0.00702633,4.20000686246632e-09,"ebi-a-GCST005195","CAD"
"rs223290","C","T",NA,-0.0972662,0.0141694,6.70038873807757e-12,"ebi-a-GCST005195","CAD"
"rs72886239","A","C",NA,0.15124,0.0307907,8.99994799637202e-07,"ebi-a-GCST005195","CAD"
"rs10806235","T","C",NA,0.036373,0.00719084,4.20000686246631e-07,"ebi-a-GCST005195","CAD"
"rs6905628","G","C",NA,-0.035504,0.00755878,2.59997995670925e-06,"ebi-a-GCST005195","CAD"
"rs1591805","G","A",NA,-0.0353978,0.00700828,4.39997288359989e-07,"ebi-a-GCST005195","CAD"
"rs6914525","A","G",NA,0.0424877,0.00915368,3.50001576071014e-06,"ebi-a-GCST005195","CAD"
"rs1966248","T","A",NA,-0.0705667,0.00759315,1.50003019045595e-20,"ebi-a-GCST005195","CAD"
"rs4499947","A","G",NA,0.0336368,0.00714783,2.49999995007974e-06,"ebi-a-GCST005195","CAD"
"rs143053678","A","G",NA,-0.109857,0.0238334,4.00000007987242e-06,"ebi-a-GCST005195","CAD"
"rs55730499","T","C",NA,0.310796,0.0133477,6.29506182857207e-120,"ebi-a-GCST005195","CAD"
"rs140570886","C","T",NA,0.553822,0.029707,1.39990962656836e-77,"ebi-a-GCST005195","CAD"
"rs12212146","C","T",NA,-0.0885558,0.0139383,2.10000341026661e-10,"ebi-a-GCST005195","CAD"
"rs184278183","T","C",NA,0.383077,0.0391445,1.29987023738861e-22,"ebi-a-GCST005195","CAD"
"rs145099029","C","A",NA,0.27419,0.0548746,5.8000267960159e-07,"ebi-a-GCST005195","CAD"
"rs61472060","A","C",NA,-0.0382881,0.00831534,4.09996359041764e-06,"ebi-a-GCST005195","CAD"
"rs6460942","C","T",NA,-0.0594155,0.0102857,7.59993713661527e-09,"ebi-a-GCST005195","CAD"
"rs2107595","A","G",NA,0.0765849,0.00953232,9.39939714766782e-16,"ebi-a-GCST005195","CAD"
"rs10951197","C","T",NA,-0.0365501,0.00786635,3.4000084782586e-06,"ebi-a-GCST005195","CAD"
"rs118146418","A","T",NA,-0.154021,0.0331269,3.29997006285229e-06,"ebi-a-GCST005195","CAD"
"rs150837669","C","T",NA,0.160786,0.0334457,1.49999565138204e-06,"ebi-a-GCST005195","CAD"
"rs2107732","A","G",NA,-0.0619957,0.0122763,4.39997288359989e-07,"ebi-a-GCST005195","CAD"
"rs11556924","T","C",NA,-0.0391143,0.00724635,6.69992590760657e-08,"ebi-a-GCST005195","CAD"
"rs3918226","T","C",NA,0.0973361,0.0132838,2.29985258668621e-13,"ebi-a-GCST005195","CAD"
"rs4646248","T","C",NA,-0.0377823,0.00770187,9.2999368597584e-07,"ebi-a-GCST005195","CAD"
"rs139915535","G","A",NA,0.107033,0.0228984,2.99999133271615e-06,"ebi-a-GCST005195","CAD"
"rs15285","T","C",NA,-0.0479628,0.00766904,4.00000007987242e-10,"ebi-a-GCST005195","CAD"
"rs73225842","T","C",NA,0.0833612,0.0156997,1.09999319893519e-07,"ebi-a-GCST005195","CAD"
"rs36069016","T","C",NA,0.0388164,0.00817721,2.10000341026661e-06,"ebi-a-GCST005195","CAD"
"rs1148497","G","A",NA,-0.0459098,0.00840655,4.70002318179801e-08,"ebi-a-GCST005195","CAD"
"rs28416651","A","G",NA,-0.0368887,0.0070737,1.79998961724559e-07,"ebi-a-GCST005195","CAD"
"rs28601761","G","C",NA,-0.0565722,0.00715987,2.80027059501064e-15,"ebi-a-GCST005195","CAD"
"rs10961206","T","A",NA,-0.0552286,0.0114202,1.29998996537546e-06,"ebi-a-GCST005195","CAD"
"rs2891168","G","A",NA,0.170449,0.00698643,1.79887091512877e-131,"ebi-a-GCST005195","CAD"
"rs2140480","C","T",NA,-0.0437311,0.00781775,2.19998641983516e-08,"ebi-a-GCST005195","CAD"
"rs41311933","T","C",NA,-0.0646799,0.0120401,7.79991733536343e-08,"ebi-a-GCST005195","CAD"
"rs7896600","C","G",NA,0.0454541,0.00813514,2.3000114603619e-08,"ebi-a-GCST005195","CAD"
"rs9337951","A","G",NA,0.0501455,0.0076177,4.60044666393479e-11,"ebi-a-GCST005195","CAD"
"rs150476990","G","A",NA,0.0661801,0.0142807,3.59997927043357e-06,"ebi-a-GCST005195","CAD"
"rs10793514","C","T",NA,0.050745,0.00732817,4.40047947835983e-12,"ebi-a-GCST005195","CAD"
"rs2671540","G","T",NA,-0.0363427,0.00742963,1e-06,"ebi-a-GCST005195","CAD"
"rs10490996","A","G",NA,-0.0600548,0.0125983,1.89998424621473e-06,"ebi-a-GCST005195","CAD"
"rs17680741","C","T",NA,-0.0404346,0.00772149,1.60000006389793e-07,"ebi-a-GCST005195","CAD"
"rs1412444","T","C",NA,0.0494546,0.00732169,1.39990962656834e-11,"ebi-a-GCST005195","CAD"
"rs12414777","T","C",NA,-0.0428872,0.00898856,1.79998961724559e-06,"ebi-a-GCST005195","CAD"
"rs4918072","A","G",NA,0.037793,0.00785854,1.49999565138204e-06,"ebi-a-GCST005195","CAD"
"rs4237540","G","A",NA,0.0379142,0.00704299,7.299951924762e-08,"ebi-a-GCST005195","CAD"
"rs11601507","A","C",NA,0.08101,0.0135176,2.10000341026661e-09,"ebi-a-GCST005195","CAD"
"rs57677839","A","G",NA,-0.0375318,0.00769727,1.09999319893519e-06,"ebi-a-GCST005195","CAD"
"rs2679053","G","A",NA,-0.0343385,0.00709956,1.29998996537546e-06,"ebi-a-GCST005195","CAD"
"rs76088737","T","C",NA,0.067515,0.0147686,4.79998632403909e-06,"ebi-a-GCST005195","CAD"
"rs3741380","A","G",NA,0.0411267,0.00696966,3.59997927043357e-09,"ebi-a-GCST005195","CAD"
"rs566818","G","A",NA,-0.0424439,0.00767498,3.20000015974484e-08,"ebi-a-GCST005195","CAD"
"rs604723","C","T",NA,0.0497259,0.00788361,2.80001269243453e-10,"ebi-a-GCST005195","CAD"
"rs2128739","C","A",NA,-0.0659813,0.00769929,1e-17,"ebi-a-GCST005195","CAD"
"rs964184","C","G",NA,-0.0603692,0.0100968,2.19998641983517e-09,"ebi-a-GCST005195","CAD"
"rs4614","G","A",NA,0.0355458,0.00708004,5.19995996533516e-07,"ebi-a-GCST005195","CAD"
"rs11838267","C","T",NA,-0.0525392,0.0102037,2.59997995670925e-07,"ebi-a-GCST005195","CAD"
"rs10841443","G","C",NA,0.0434628,0.00743951,5.19995996533515e-09,"ebi-a-GCST005195","CAD"
"rs1291621","G","A",NA,-0.113585,0.0231261,8.99994799637202e-07,"ebi-a-GCST005195","CAD"
"rs1133773","G","A",NA,0.0419072,0.00835567,5.30005040639665e-07,"ebi-a-GCST005195","CAD"
"rs12315434","C","A",NA,-0.0504595,0.00849456,2.80001269243453e-09,"ebi-a-GCST005195","CAD"
"rs57481061","G","C",NA,0.0467124,0.00931452,5.30005040639665e-07,"ebi-a-GCST005195","CAD"
"rs4762479","T","C",NA,-0.0845687,0.0133708,2.49999995007974e-10,"ebi-a-GCST005195","CAD"
"rs4766578","A","T",NA,-0.0650727,0.00710609,5.30029448835795e-20,"ebi-a-GCST005195","CAD"
"rs2649999","C","T",NA,-0.0426176,0.00754609,1.60000006389793e-08,"ebi-a-GCST005195","CAD"
"rs11057840","C","A",NA,0.0712462,0.010064,1.39990962656834e-12,"ebi-a-GCST005195","CAD"
"rs11840502","A","G",NA,-0.0364913,0.00719738,4.00000007987242e-07,"ebi-a-GCST005195","CAD"
"rs9554448","C","T",NA,-0.0629435,0.0114556,3.89995862874433e-08,"ebi-a-GCST005195","CAD"
"rs11617955","A","T",NA,-0.0850161,0.0112425,4.00036851046125e-14,"ebi-a-GCST005195","CAD"
"rs11619113","G","C",NA,0.0578467,0.0104402,2.99999133271615e-08,"ebi-a-GCST005195","CAD"
"rs12019546","A","G",NA,0.0422717,0.00809985,1.79998961724559e-07,"ebi-a-GCST005195","CAD"
"rs8003602","C","T",NA,0.0552204,0.00796464,4.10015240506613e-12,"ebi-a-GCST005195","CAD"
"rs10131519","C","T",NA,0.0499015,0.00896942,2.59997995670925e-08,"ebi-a-GCST005195","CAD"
"rs111684993","G","A",NA,0.0365897,0.00722267,4.09996359041765e-07,"ebi-a-GCST005195","CAD"
"rs17228058","G","A",NA,-0.0518457,0.00828913,4.00000007987242e-10,"ebi-a-GCST005195","CAD"
"rs11072783","A","G",NA,-0.0559577,0.00921143,1.19999655704811e-09,"ebi-a-GCST005195","CAD"
"rs11637783","C","T",NA,-0.0639685,0.00703531,9.70063133783954e-20,"ebi-a-GCST005195","CAD"
"rs4932373","C","A",NA,0.0690675,0.00749916,3.29989407910834e-20,"ebi-a-GCST005195","CAD"
"rs56228609","T","C",NA,-0.0401327,0.0075596,1.09999319893519e-07,"ebi-a-GCST005195","CAD"
"rs8323","T","C",NA,-0.0400379,0.0079853,5.30005040639665e-07,"ebi-a-GCST005195","CAD"
"rs8053891","C","A",NA,0.0399208,0.00801408,6.29999202947419e-07,"ebi-a-GCST005195","CAD"
"rs12930452","G","A",NA,0.0489638,0.00710447,5.50047252867633e-12,"ebi-a-GCST005195","CAD"
"rs12929479","A","G",NA,0.0359029,0.00710113,4.3000152915127e-07,"ebi-a-GCST005195","CAD"
"rs7209460","T","C",NA,0.0521745,0.00762218,7.59976214361039e-12,"ebi-a-GCST005195","CAD"
"rs7220401","C","T",NA,0.0366524,0.00700449,1.70000422215637e-07,"ebi-a-GCST005195","CAD"
"rs76954792","T","C",NA,0.0446902,0.00843755,1.19999655704812e-07,"ebi-a-GCST005195","CAD"
"rs1912483","G","A",NA,0.0332163,0.00699214,2.0000000199681e-06,"ebi-a-GCST005195","CAD"
"rs11079847","T","A",NA,-0.0349561,0.00711396,8.89999986382576e-07,"ebi-a-GCST005195","CAD"
"rs7502499","A","G",NA,0.0525639,0.00754823,3.29989407910834e-12,"ebi-a-GCST005195","CAD"
"rs8079951","A","T",NA,-0.0438905,0.00896261,9.69996126510999e-07,"ebi-a-GCST005195","CAD"
"rs4800401","T","C",NA,0.03256,0.00707213,4.09996359041764e-06,"ebi-a-GCST005195","CAD"
"rs1623003","T","C",NA,-0.0352016,0.00746696,2.39999313805789e-06,"ebi-a-GCST005195","CAD"
"rs2337157","C","A",NA,0.0345381,0.00708596,1.09999319893519e-06,"ebi-a-GCST005195","CAD"
"rs7227950","C","T",NA,-0.0555825,0.0118266,2.59997995670925e-06,"ebi-a-GCST005195","CAD"
"rs12606230","C","T",NA,-0.0426079,0.00825853,2.49999995007974e-07,"ebi-a-GCST005195","CAD"
"rs111957193","T","A",NA,0.0655886,0.0136826,1.60000006389793e-06,"ebi-a-GCST005195","CAD"
"rs6511720","T","G",NA,-0.108449,0.0107003,3.90031784475066e-24,"ebi-a-GCST005195","CAD"
"rs318719","C","T",NA,0.0753397,0.0129274,5.60002544078e-09,"ebi-a-GCST005195","CAD"
"rs4280376","C","T",NA,0.0556503,0.00898148,5.8000267960159e-10,"ebi-a-GCST005195","CAD"
"rs4803455","A","C",NA,-0.0498537,0.00700573,1.10001852750622e-12,"ebi-a-GCST005195","CAD"
"rs7412","T","C",NA,-0.136727,0.0127411,7.29961575729296e-27,"ebi-a-GCST005195","CAD"
"rs145605569","T","C",NA,0.0445232,0.00803241,2.99999133271615e-08,"ebi-a-GCST005195","CAD"
"rs35151083","G","T",NA,-0.0371355,0.00774249,1.60000006389793e-06,"ebi-a-GCST005195","CAD"
"rs1033552","T","C",NA,0.0326119,0.00710463,4.39997288359989e-06,"ebi-a-GCST005195","CAD"
"rs236710","T","G",NA,-0.0507162,0.00955573,1.09999319893519e-07,"ebi-a-GCST005195","CAD"
"rs9983233","A","G",NA,0.0362686,0.0079015,4.39997288359989e-06,"ebi-a-GCST005195","CAD"
"rs28451064","A","G",NA,0.0992826,0.010756,2.70022528688824e-20,"ebi-a-GCST005195","CAD"
"rs9981434","G","A",NA,-0.0345289,0.00700884,8.40001380879881e-07,"ebi-a-GCST005195","CAD"
"rs5993586","C","T",NA,0.0861687,0.0171007,4.70002318179801e-07,"ebi-a-GCST005195","CAD"
"rs6001960","G","A",NA,-0.0369664,0.0079683,3.50001576071014e-06,"ebi-a-GCST005195","CAD"
"rs11191607","G","T",0.07552,0.080661,0.0174393,3.11781254380346e-06,"GCST90013864","CAD"
"rs2001546","A","T",0.4974,0.044085,0.00906648,1.16568175757642e-06,"GCST90013864","CAD"
"rs4752700","A","G",0.4219,-0.0468304,0.00913661,3.03661686697347e-07,"GCST90013864","CAD"
"rs9337951","G","A",0.3438,-0.0532978,0.00968305,3.93921785726756e-08,"GCST90013864","CAD"
"rs1482478","G","A",0.4688,0.0511482,0.00910429,1.94522570555017e-08,"GCST90013864","CAD"
"rs2250644","C","T",0.3802,-0.0517013,0.00949961,5.5911352757056e-08,"GCST90013864","CAD"
"rs2128739","A","C",0.2682,0.0679533,0.00999335,1.24165230759241e-11,"GCST90013864","CAD"
"rs7925132","T","C",0.4974,-0.0436263,0.00905077,1.44082090143404e-06,"GCST90013864","CAD"
"rs1168568","G","A",0.3672,-0.0511768,0.00919293,2.69593861912353e-08,"GCST90013864","CAD"
"rs12417256","A","C",0.4167,-0.0555997,0.00921713,1.7092673621167e-09,"GCST90013864","CAD"
"rs11022409","T","C",0.3255,-0.04453,0.00964683,4.06733552542587e-06,"GCST90013864","CAD"
"rs145969813","C","A",0.08854,-0.0803148,0.0164165,1.20809197654095e-06,"GCST90013864","CAD"
"rs3741380","G","A",0.4557,-0.0423226,0.00909122,3.26362311191317e-06,"GCST90013864","CAD"
"rs378825","A","G",0.3672,-0.053433,0.00917849,5.67048231095344e-09,"GCST90013864","CAD"
"rs4766578","T","A",0.4974,0.0635651,0.00905314,2.22126308929843e-12,"GCST90013864","CAD"
"rs1182933","C","T",0.2839,-0.0499426,0.00987998,4.59504744560212e-07,"GCST90013864","CAD"
"rs7485656","A","G",0.1302,-0.0785246,0.0129103,1.52149314496587e-09,"GCST90013864","CAD"
"rs2417836","A","G",0.2604,-0.0575011,0.0102734,1.97856353157589e-08,"GCST90013864","CAD"
"rs11170820","C","G",0.0599,-0.118092,0.0190158,8.39498645970581e-10,"GCST90013864","CAD"
"rs73182639","T","C",0.08073,-0.0847472,0.0181634,3.71809087251468e-06,"GCST90013864","CAD"
"rs638634","C","T",0.276,0.0649736,0.0102058,1.72139287084045e-10,"GCST90013864","CAD"
"rs4773395","A","G",0.4896,0.0420753,0.00913062,4.10308014429411e-06,"GCST90013864","CAD"
"rs28809504","T","C",0.4323,-0.0439491,0.00913393,1.52542198034281e-06,"GCST90013864","CAD"
"rs72743477","A","G",0.1927,0.0532741,0.0111665,1.6898960856942e-06,"GCST90013864","CAD"
"rs11072811","A","C",0.4714,-0.0666285,0.00905454,1.86208713666287e-13,"GCST90013864","CAD"
"rs4932373","A","C",0.3229,-0.0799828,0.00955304,7.19780372802697e-17,"GCST90013864","CAD"
"rs7191292","G","A",0.4349,-0.0449102,0.00912159,8.66742315680913e-07,"GCST90013864","CAD"
"rs12926408","G","C",0.2749,-0.0525647,0.0104378,5.1644015167235e-07,"GCST90013864","CAD"
"rs7500448","A","G",0.2109,0.0614127,0.0105866,5.85221132186636e-09,"GCST90013864","CAD"
"rs11657636","C","T",0.2839,-0.0559135,0.00995367,1.78673440428155e-08,"GCST90013864","CAD"
"rs76954792","C","T",0.2708,-0.0502263,0.0107178,2.99502188375113e-06,"GCST90013864","CAD"
"rs62076502","C","T",0.1693,-0.0503113,0.0109056,4.26913609678813e-06,"GCST90013864","CAD"
"rs2011767","C","T",0.487,0.0625723,0.00910621,6.22586931038744e-12,"GCST90013864","CAD"
"rs72832589","T","C",0.1068,-0.0688695,0.0149308,4.53575930304327e-06,"GCST90013864","CAD"
"rs12953465","C","T",0.1042,0.0827802,0.016655,5.43901178718599e-07,"GCST90013864","CAD"
"rs56125973","T","C",0.1198,0.105896,0.014428,1.26502759730727e-13,"GCST90013864","CAD"
"rs35976034","G","T",0.487,-0.0521059,0.00908823,9.72142656746175e-09,"GCST90013864","CAD"
"rs12459965","C","T",0.2734,0.0524581,0.0103242,3.48072730389523e-07,"GCST90013864","CAD"
"rs8109627","T","C",0.2422,0.0522271,0.0103677,4.37895013781218e-07,"GCST90013864","CAD"
"rs429358","T","C",0.1562,-0.107423,0.0121673,2.08161304091764e-18,"GCST90013864","CAD"
"rs4970836","G","A",0.2214,-0.113651,0.0110204,2.88934898155908e-25,"GCST90013864","CAD"
"rs4418592","T","C",0.1589,0.071676,0.0135452,1.01435506005746e-07,"GCST90013864","CAD"
"rs7007","T","C",0.1328,0.0618038,0.012397,5.44979291540013e-07,"GCST90013864","CAD"
"rs61806987","A","G",0.4792,0.043339,0.00908736,1.83611551344909e-06,"GCST90013864","CAD"
"rs2133189","C","T",0.2214,-0.0682885,0.0101186,1.2776149939708e-11,"GCST90013864","CAD"
"rs36096196","C","T",0.1771,-0.0580586,0.0125968,4.48239370970732e-06,"GCST90013864","CAD"
"rs2297829","C","A",0.3724,-0.0470584,0.00946333,6.88018316143038e-07,"GCST90013864","CAD"
"rs12131593","T","A",0.2214,-0.0544798,0.011765,3.35004005699198e-06,"GCST90013864","CAD"
"rs17114046","A","G",0.07292,0.134327,0.016311,7.2794740132427e-17,"GCST90013864","CAD"
"rs6696194","C","T",0.2448,-0.0533668,0.0106903,6.52394062753701e-07,"GCST90013864","CAD"
"rs4375301","A","G",0.25,-0.0600628,0.0106349,1.841365491907e-08,"GCST90013864","CAD"
"rs13043397","C","T",0.2682,0.0493309,0.0101991,1.24348342293693e-06,"GCST90013864","CAD"
"rs236710","G","T",0.1649,0.0593366,0.0123837,1.85383040149281e-06,"GCST90013864","CAD"
"rs28451064","G","A",0.08594,-0.107631,0.0132821,9.66718433834456e-16,"GCST90013864","CAD"
"rs72862334","A","T",0.1094,-0.0675458,0.014429,3.27853632609151e-06,"GCST90013864","CAD"
"rs10930115","A","T",0.2031,0.056847,0.0112294,3.75119810208516e-07,"GCST90013864","CAD"
"rs16986953","G","A",0.07031,-0.111514,0.0174657,2.71350108769146e-10,"GCST90013864","CAD"
"rs2351524","T","C",0.1354,0.0830499,0.0132064,4.29407870264134e-10,"GCST90013864","CAD"
"rs17517928","C","T",0.2865,0.0518072,0.0105915,9.28645588559902e-07,"GCST90013864","CAD"
"rs2713552","G","T",0.4115,-0.0459412,0.00943991,1.09766546361078e-06,"GCST90013864","CAD"
"rs6544713","T","C",0.3073,0.0517288,0.00959773,7.5439708219799e-08,"GCST90013864","CAD"
"rs243069","A","C",0.3568,0.0542422,0.0094857,1.15141000799439e-08,"GCST90013864","CAD"
"rs6731877","G","A",0.4349,0.0423205,0.00912988,3.52387098694437e-06,"GCST90013864","CAD"
"rs6705839","A","T",0.4609,-0.0542131,0.00918494,3.66074940112121e-09,"GCST90013864","CAD"
"rs35812816","C","G",0.07031,-0.0733777,0.0156127,3.0581585667258e-06,"GCST90013864","CAD"
"rs3772800","A","C",0.1875,-0.0586406,0.0120226,1.20060459176125e-06,"GCST90013864","CAD"
"rs571513","A","G",0.2135,-0.0694952,0.010688,6.63437475793171e-11,"GCST90013864","CAD"
"rs56236670","G","A",0.4661,0.0466574,0.00908285,2.83197881349135e-07,"GCST90013864","CAD"
"rs1713815","T","C",0.1484,-0.0640985,0.0126485,3.5141476111058e-07,"GCST90013864","CAD"
"rs73082363","T","C",0.1172,0.0704875,0.0143784,8.07513887505087e-07,"GCST90013864","CAD"
"rs11936187","T","C",0.0625,-0.0896708,0.018146,9.63207820362003e-07,"GCST90013864","CAD"
"rs4834827","C","T",0.4505,0.0443513,0.00909274,1.09005898748187e-06,"GCST90013864","CAD"
"rs61075980","G","A",0.1432,-0.0779078,0.0127426,1.24680920515562e-09,"GCST90013864","CAD"
"rs3796581","A","G",0.1875,0.0688005,0.0118522,5.41402179800375e-09,"GCST90013864","CAD"
"rs10857147","A","T",0.3403,-0.0517618,0.00992105,1.9510122668564e-07,"GCST90013864","CAD"
"rs3775058","A","T",0.2109,0.0561601,0.0109441,3.18500413130475e-07,"GCST90013864","CAD"
"rs2454899","G","A",0.3698,0.0506007,0.00945244,8.28247245072392e-08,"GCST90013864","CAD"
"rs166263","G","A",0.2448,0.0505124,0.0106487,1.96227558359012e-06,"GCST90013864","CAD"
"rs246603","T","C",0.5,-0.0486741,0.00904213,7.34277127021649e-08,"GCST90013864","CAD"
"rs55891419","A","G",0.1562,0.059424,0.0127664,2.90602937526363e-06,"GCST90013864","CAD"
"rs9349379","A","G",0.3672,-0.0813617,0.00915732,7.51795981512009e-19,"GCST90013864","CAD"
"rs9285476","C","G",0.2604,0.0683838,0.0100274,7.8795243145133e-12,"GCST90013864","CAD"
"rs3822842","C","T",0.1458,-0.083951,0.0136122,8.99062741028812e-10,"GCST90013864","CAD"
"rs9457931","A","G",0.0651,-0.131105,0.0185687,3.22106879128343e-12,"GCST90013864","CAD"
"rs10455872","A","G",0.07031,-0.284927,0.0152501,6.17589636949116e-74,"GCST90013864","CAD"
"rs1853345","T","C",0.1849,0.0536767,0.011565,3.17958178237691e-06,"GCST90013864","CAD"
"rs9469890","C","T",0.1172,-0.0705723,0.0125556,2.30255493228665e-08,"GCST90013864","CAD"
"rs430918","C","T",0.05729,0.0937252,0.0177021,1.56260784379727e-07,"GCST90013864","CAD"
"rs945855","C","A",0.3542,-0.0430202,0.00922844,3.21410455292204e-06,"GCST90013864","CAD"
"rs193562","T","C",0.1901,-0.0546033,0.0114786,2.15769472582356e-06,"GCST90013864","CAD"
"rs6944134","T","C",0.151,0.0789713,0.013421,3.14687867925e-09,"GCST90013864","CAD"
"rs3918226","C","T",0.07031,-0.0944545,0.0163144,9.6050581838673e-09,"GCST90013864","CAD"
"rs2107595","G","A",0.1719,-0.0801959,0.0123952,1.2948814220658e-10,"GCST90013864","CAD"
"rs7811472","C","T",0.3698,0.0490208,0.00938722,1.70836238305782e-07,"GCST90013864","CAD"
"rs17318297","C","G",0.09896,-0.0675278,0.0145721,4.12059565261022e-06,"GCST90013864","CAD"
"rs7840760","A","G",0.2474,-0.0536523,0.0106823,4.71074938394182e-07,"GCST90013864","CAD"
"rs28601761","C","G",0.4036,0.0523418,0.00930464,1.79969951657736e-08,"GCST90013864","CAD"
"rs35237252","C","A",0.2656,0.0578169,0.0106281,4.8210318428317e-08,"GCST90013864","CAD"
"rs4979370","T","G",0.3151,0.0521152,0.00952318,4.73358303745077e-08,"GCST90013864","CAD"
"rs575142","T","C",0.09896,-0.0857672,0.0149801,7.89241657541504e-09,"GCST90013864","CAD"
"rs7859727","C","T",0.487,-0.169563,0.00904341,3.34734133129232e-78,"GCST90013864","CAD"
"rs11191607","G","T",0.07552,0.0794657,0.0170245,3.045650044776e-06,"GCST90013868","CAD"
"rs2001546","A","T",0.4974,0.0441082,0.0090724,1.16321501632133e-06,"GCST90013868","CAD"
"rs4752700","A","G",0.4219,-0.0469131,0.00916027,3.03326252800026e-07,"GCST90013868","CAD"
"rs9337951","G","A",0.3438,-0.0535048,0.00973965,3.94039718372733e-08,"GCST90013868","CAD"
"rs1482478","G","A",0.4688,0.0511741,0.00911016,1.94012628693823e-08,"GCST90013868","CAD"
"rs2250644","C","T",0.3802,-0.0519113,0.00955785,5.59512766048999e-08,"GCST90013868","CAD"
"rs2128739","A","C",0.2682,0.068327,0.0101024,1.34741072534441e-11,"GCST90013868","CAD"
"rs7925132","T","C",0.4974,-0.0436455,0.00905587,1.43859981461678e-06,"GCST90013868","CAD"
"rs1168568","G","A",0.3672,-0.0513042,0.00922693,2.69351873087623e-08,"GCST90013868","CAD"
"rs12417256","A","C",0.4167,-0.0557652,0.0092581,1.7079690633665e-09,"GCST90013868","CAD"
"rs11022409","T","C",0.3255,-0.0446853,0.00969815,4.07324000026442e-06,"GCST90013868","CAD"
"rs145969813","C","A",0.08854,-0.0815359,0.0168094,1.23086380235415e-06,"GCST90013868","CAD"
"rs3741380","G","A",0.4557,-0.0423596,0.00910213,3.2585920978134e-06,"GCST90013868","CAD"
"rs378825","A","G",0.3672,-0.0533545,0.00915627,5.64001163620394e-09,"GCST90013868","CAD"
"rs4766578","T","A",0.4974,0.063595,0.00905836,2.209530495573e-12,"GCST90013868","CAD"
"rs1182933","C","T",0.2839,-0.0501865,0.0099535,4.60457975819798e-07,"GCST90013868","CAD"
"rs7485656","A","G",0.1302,-0.0795191,0.0131717,1.56902549330582e-09,"GCST90013868","CAD"
"rs2417836","A","G",0.2604,-0.0572546,0.0101816,1.87270771648329e-08,"GCST90013868","CAD"
"rs11170820","C","G",0.0599,-0.120894,0.019712,8.62362772286513e-10,"GCST90013868","CAD"
"rs73182639","T","C",0.08073,-0.0861456,0.0186356,3.78887257849515e-06,"GCST90013868","CAD"
"rs638634","C","T",0.276,0.0646217,0.0101194,1.70380543784667e-10,"GCST90013868","CAD"
"rs4773395","A","G",0.4896,0.0421173,0.00914308,4.09571755881828e-06,"GCST90013868","CAD"
"rs28809504","T","C",0.4323,-0.0440204,0.00915544,1.52363170063239e-06,"GCST90013868","CAD"
"rs72743477","A","G",0.1927,0.0529736,0.0110521,1.64217713160497e-06,"GCST90013868","CAD"
"rs11072811","A","C",0.4714,-0.0666351,0.00905472,1.85054648979471e-13,"GCST90013868","CAD"
"rs4932373","A","C",0.3229,-0.0805293,0.0096514,7.19448978003698e-17,"GCST90013868","CAD"
"rs7191292","G","A",0.4349,-0.044983,0.00914288,8.65446049812579e-07,"GCST90013868","CAD"
"rs12926408","G","C",0.2749,-0.052837,0.0105377,5.32782559651131e-07,"GCST90013868","CAD"
"rs7500448","A","G",0.2109,0.061012,0.0104783,5.79041912253891e-09,"GCST90013868","CAD"
"rs11657636","C","T",0.2839,-0.0556483,0.00987906,1.77149528191852e-08,"GCST90013868","CAD"
"rs76954792","C","T",0.2708,-0.0505023,0.0108227,3.06640842868501e-06,"GCST90013868","CAD"
"rs62076502","C","T",0.1693,-0.0506023,0.011017,4.36726957398201e-06,"GCST90013868","CAD"
"rs2011767","C","T",0.487,0.0625219,0.00909371,6.18585876491784e-12,"GCST90013868","CAD"
"rs2909220","A","G",0.237,-0.0514205,0.0112129,4.52147360599596e-06,"GCST90013868","CAD"
"rs12953465","C","T",0.1042,0.0815651,0.0162642,5.30285802770485e-07,"GCST90013868","CAD"
"rs56125973","T","C",0.1198,0.10403,0.0140246,1.19233968788597e-13,"GCST90013868","CAD"
"rs35976034","G","T",0.487,-0.0520712,0.00907763,9.68188678681784e-09,"GCST90013868","CAD"
"rs12459965","C","T",0.2734,0.0522433,0.0102378,3.34318184711582e-07,"GCST90013868","CAD"
"rs8109627","T","C",0.2422,0.0520149,0.0102806,4.20319946341989e-07,"GCST90013868","CAD"
"rs429358","T","C",0.1562,-0.109191,0.012489,2.27038756775852e-18,"GCST90013868","CAD"
"rs4970836","G","A",0.2214,-0.112327,0.0107894,2.21309470960563e-25,"GCST90013868","CAD"
"rs4418592","T","C",0.1589,0.0708858,0.0133003,9.84101740707101e-08,"GCST90013868","CAD"
"rs7007","T","C",0.1328,0.0612778,0.0122179,5.29248943813446e-07,"GCST90013868","CAD"
"rs61806987","A","G",0.4792,0.0433165,0.00907867,1.83092266144646e-06,"GCST90013868","CAD"
"rs2133189","C","T",0.2214,-0.0679788,0.0100184,1.15744403209224e-11,"GCST90013868","CAD"
"rs36096196","C","T",0.1771,-0.0585585,0.0127746,4.56215461740719e-06,"GCST90013868","CAD"
"rs2297829","C","A",0.3724,-0.0472077,0.00950917,6.89017099452341e-07,"GCST90013868","CAD"
"rs12131593","T","A",0.2214,-0.0541004,0.0116339,3.31566007631404e-06,"GCST90013868","CAD"
"rs17114046","A","G",0.07292,0.131075,0.0156966,6.79672971950456e-17,"GCST90013868","CAD"
"rs6696194","C","T",0.2448,-0.0536769,0.0108012,6.71150626615317e-07,"GCST90013868","CAD"
"rs4375301","A","G",0.25,-0.0604508,0.0107573,1.91491719978619e-08,"GCST90013868","CAD"
"rs13043397","C","T",0.2682,0.0491069,0.0101252,1.23469588292808e-06,"GCST90013868","CAD"
"rs236710","G","T",0.1649,0.0598607,0.0125633,1.89103688536449e-06,"GCST90013868","CAD"
"rs28451064","G","A",0.08594,-0.109513,0.0136478,1.02164496735586e-15,"GCST90013868","CAD"
"rs72862334","A","T",0.1094,-0.0683395,0.0147002,3.33741335894926e-06,"GCST90013868","CAD"
"rs10930115","A","T",0.2031,0.0565033,0.0111055,3.62142920804185e-07,"GCST90013868","CAD"
"rs16986953","G","A",0.07031,-0.113986,0.0180644,2.79055123084166e-10,"GCST90013868","CAD"
"rs2351524","T","C",0.1354,0.0842136,0.0135005,4.43690367190244e-10,"GCST90013868","CAD"
"rs17517928","C","T",0.2865,0.0515688,0.0104963,8.96829736745689e-07,"GCST90013868","CAD"
"rs2713552","G","T",0.4115,-0.0458289,0.00940198,1.09144033644876e-06,"GCST90013868","CAD"
"rs6544713","T","C",0.3073,0.0519582,0.00966216,7.55318287831669e-08,"GCST90013868","CAD"
"rs243069","A","C",0.3568,0.0544602,0.00954333,1.15233830883731e-08,"GCST90013868","CAD"
"rs6731877","G","A",0.4349,0.042286,0.00911662,3.51204441851499e-06,"GCST90013868","CAD"
"rs6705839","A","T",0.4609,-0.0542811,0.00920138,3.65199353461163e-09,"GCST90013868","CAD"
"rs35812816","C","G",0.07031,-0.0743758,0.0159495,3.11336472163507e-06,"GCST90013868","CAD"
"rs3772800","A","C",0.1875,-0.0591276,0.0121878,1.22619629625513e-06,"GCST90013868","CAD"
"rs571513","A","G",0.2135,-0.0690509,0.0105582,6.15035239306976e-11,"GCST90013868","CAD"
"rs56236670","G","A",0.4661,0.046708,0.00909653,2.8259208908909e-07,"GCST90013868","CAD"
"rs1713815","T","C",0.1484,-0.0635234,0.0124578,3.41279341395456e-07,"GCST90013868","CAD"
"rs73082363","T","C",0.1172,0.0696773,0.0141091,7.87353930783941e-07,"GCST90013868","CAD"
"rs11936187","T","C",0.0625,-0.091192,0.0186292,9.82448966221272e-07,"GCST90013868","CAD"
"rs4834827","C","T",0.4505,0.0444092,0.00910969,1.0884287379436e-06,"GCST90013868","CAD"
"rs61075980","G","A",0.1432,-0.0788771,0.0129969,1.28771572756808e-09,"GCST90013868","CAD"
"rs3796581","A","G",0.1875,0.0682084,0.0116767,5.17547243692046e-09,"GCST90013868","CAD"
"rs10857147","A","T",0.3403,-0.0520262,0.00999832,1.95582503096954e-07,"GCST90013868","CAD"
"rs3775058","A","T",0.2109,0.0565312,0.0110698,3.27634781528885e-07,"GCST90013868","CAD"
"rs2454899","G","A",0.3698,0.0504653,0.00941181,8.23455244748393e-08,"GCST90013868","CAD"
"rs166263","G","A",0.2448,0.0502915,0.0105571,1.90020300257723e-06,"GCST90013868","CAD"
"rs246603","T","C",0.5,-0.0486869,0.00904442,7.32200464403414e-08,"GCST90013868","CAD"
"rs55891419","A","G",0.1562,0.0589193,0.0125831,2.83491472676128e-06,"GCST90013868","CAD"
"rs9349379","A","G",0.3672,-0.0816857,0.0092117,7.47308634191276e-19,"GCST90013868","CAD"
"rs9285476","C","G",0.2604,0.0679764,0.00993477,7.79471068164651e-12,"GCST90013868","CAD"
"rs3822842","C","T",0.1458,-0.0850255,0.0138891,9.25678123088538e-10,"GCST90013868","CAD"
"rs9457931","A","G",0.0651,-0.134614,0.0193324,3.32812783959652e-12,"GCST90013868","CAD"
"rs10455872","A","G",0.07031,-0.301012,0.0165616,8.08723382528834e-74,"GCST90013868","CAD"
"rs1853345","T","C",0.1849,0.0533381,0.0114354,3.09699140448488e-06,"GCST90013868","CAD"
"rs9469890","C","T",0.1172,-0.0713604,0.0127823,2.36733653172395e-08,"GCST90013868","CAD"
"rs430918","C","T",0.05729,0.0954663,0.0182151,1.59657748301505e-07,"GCST90013868","CAD"
"rs945855","C","A",0.3542,-0.0431143,0.00925872,3.21447461168547e-06,"GCST90013868","CAD"
"rs193562","T","C",0.1901,-0.0549926,0.0116175,2.205768853572e-06,"GCST90013868","CAD"
"rs6944134","T","C",0.151,0.0780118,0.013155,3.02593782375537e-09,"GCST90013868","CAD"
"rs3918226","C","T",0.07031,-0.0961372,0.0167678,9.84056422190644e-09,"GCST90013868","CAD"
"rs2107595","G","A",0.1719,-0.0811874,0.0126421,1.34505486611459e-10,"GCST90013868","CAD"
"rs7811472","C","T",0.3698,0.048909,0.00935229,1.69847828970064e-07,"GCST90013868","CAD"
"rs17318297","C","G",0.09896,-0.0683344,0.0148501,4.19256688755994e-06,"GCST90013868","CAD"
"rs7840760","A","G",0.2474,-0.0533488,0.0105862,4.66842084969407e-07,"GCST90013868","CAD"
"rs28601761","C","G",0.4036,0.0522586,0.00928029,1.79019359926501e-08,"GCST90013868","CAD"
"rs35237252","C","A",0.2656,0.0575269,0.0105247,4.60553407638147e-08,"GCST90013868","CAD"
"rs4979370","T","G",0.3151,0.0523312,0.0095831,4.7405638455896e-08,"GCST90013868","CAD"
"rs575142","T","C",0.09896,-0.0845224,0.0146324,7.63308326709184e-09,"GCST90013868","CAD"
"rs7859727","C","T",0.487,-0.169942,0.00907666,3.21810344309342e-78,"GCST90013868","CAD"
